,season_1,season_2,yr,mnth_0,mnth_1,mnth_2,mnth_3,holiday,weekday,workingday,temp,atemp,hum,windspeed,cnt,weather_1,weather_2,weather_3
0,0,1,0,0,0,0,1,0,6,0,14.110847,18.18125,80.5833,10.749882,985,0,1,0
1,0,1,0,0,0,0,1,0,0,0,14.902598,17.68695,69.6087,16.652113,801,0,1,0
2,0,1,0,0,0,0,1,0,1,1,8.050924,9.47025,43.7273,16.636703,1349,1,0,0
3,0,1,0,0,0,0,1,0,2,1,8.2,10.6061,59.0435,10.739832,1562,1,0,0
4,0,1,0,0,0,0,1,0,3,1,9.305237,11.4635,43.6957,12.5223,1600,1,0,0
5,0,1,0,0,0,0,1,0,4,1,8.378268,11.66045,51.8261,6.0008684,1606,1,0,0
6,0,1,0,0,0,0,1,0,5,1,8.057402,10.44195,49.8696,11.304642,1510,0,1,0
7,0,1,0,0,0,0,1,0,6,0,6.765,8.1127,53.5833,17.875868,959,0,1,0
8,0,1,0,0,0,0,1,0,0,0,5.671653,5.80875,43.4167,24.25065,822,1,0,0
9,0,1,0,0,0,0,1,0,1,1,6.184153,7.5444,48.2917,14.958889,1321,1,0,0
10,0,1,0,0,0,0,1,0,2,1,6.932731,9.5732,68.6364,8.182844,1263,0,1,0
11,0,1,0,0,0,0,1,0,3,1,7.081807,8.02365,59.9545,20.410009,1162,1,0,0
12,0,1,0,0,0,0,1,0,4,1,6.765,7.54415,47.0417,20.167,1406,1,0,0
13,0,1,0,0,0,0,1,0,5,1,6.59567,9.42065,53.7826,8.478716,1421,1,0,0
14,0,1,0,0,0,0,1,0,6,0,9.566653,12.4056,49.875,10.583521,1248,0,1,0
15,0,1,0,0,0,0,1,0,0,0,9.498347,11.71085,48.375,12.625011,1204,1,0,0
16,0,1,0,0,0,0,1,1,1,0,7.209153,8.83855,53.75,12.999139,1000,0,1,0
17,0,1,0,0,0,0,1,0,2,1,8.883347,11.61665,86.1667,9.833925,683,0,1,0
18,0,1,0,0,0,0,1,0,3,1,11.979134,14.9211,74.1739,13.957239,1650,0,1,0
19,0,1,0,0,0,0,1,0,4,1,10.728347,12.7525,53.8333,13.125568,1927,0,1,0
20,0,1,0,0,0,0,1,0,5,1,7.2775,7.89165,45.7083,23.667214,1543,1,0,0
21,0,1,0,0,0,0,1,0,6,0,2.4243464,3.95348,40.0,11.52199,981,1,0,0
22,0,1,0,0,0,0,1,0,0,0,3.9573897,4.941955,43.6522,16.5222,986,1,0,0
23,0,1,0,0,0,0,1,0,1,1,3.9930433,5.8965,49.1739,10.60811,1416,1,0,0
24,0,1,0,0,0,0,1,0,2,1,9.162598,11.7263,61.6957,8.696332,1985,0,1,0
25,0,1,0,0,0,0,1,0,3,1,8.9175,10.18,86.25,19.68795,506,0,0,1
26,0,1,0,0,0,0,1,0,4,1,7.995,10.985,68.75,7.627079,431,1,0,0
27,0,1,0,0,0,0,1,0,5,1,8.342598,11.16585,79.3043,8.2611,1167,0,1,0
28,0,1,0,0,0,0,1,0,6,0,8.057402,10.6063,65.1739,9.739455,1098,1,0,0
29,0,1,0,0,0,0,1,0,0,0,8.877402,12.5161,72.2174,4.9568342,1096,1,0,0
30,0,1,0,0,0,0,1,0,1,1,7.414153,9.3125,60.375,12.541864,1501,0,1,0
31,0,1,0,0,0,1,0,0,2,1,7.879134,11.7265,82.9565,3.565271,1360,0,1,0
32,0,1,0,0,0,1,0,0,3,1,10.66,12.72085,77.5417,17.708636,1526,0,1,0
33,0,1,0,0,0,1,0,0,4,1,7.665237,8.8939,43.7826,18.609384,1550,1,0,0
34,0,1,0,0,0,1,0,0,5,1,8.663464,11.42935,58.5217,8.565213,1708,0,1,0
35,0,1,0,0,0,1,0,0,6,0,9.566653,12.1529,92.9167,10.792293,1005,0,1,0
36,0,1,0,0,0,1,0,0,0,0,11.719153,14.58355,56.8333,9.5006,1623,1,0,0
37,0,1,0,0,0,1,0,0,1,1,11.138347,15.1829,73.8333,3.0423561,1712,1,0,0
38,0,1,0,0,0,1,0,0,2,1,9.054153,9.9123,53.7917,24.25065,1530,1,0,0
39,0,1,0,0,0,1,0,0,3,1,5.526103,7.21415,49.4783,12.652213,1605,0,1,0
40,0,1,0,0,0,1,0,0,4,1,5.918268,7.4774,43.7391,14.869645,1538,1,0,0
41,0,1,0,0,0,1,0,0,5,1,7.752731,10.67545,50.6364,7.27285,1746,1,0,0
42,0,1,0,0,0,1,0,0,6,0,9.1225,11.6477,54.4167,13.625589,1472,1,0,0
43,0,1,0,0,0,1,0,0,0,0,12.977402,16.20565,45.7391,17.479161,1589,1,0,0
44,0,1,0,0,0,1,0,0,1,1,17.015,19.9175,37.5833,27.999836,1913,1,0,0
45,0,1,0,0,0,1,0,0,2,1,10.909567,12.7137,31.4348,19.522058,1815,1,0,0
46,0,1,0,0,0,1,0,0,3,1,13.048701,15.81,42.3478,16.869997,2115,1,0,0
47,0,1,0,0,0,1,0,0,4,1,17.869153,21.4329,50.5,15.416968,2475,1,0,0
48,0,1,0,0,0,1,0,0,5,1,21.388347,25.59915,51.6667,17.749975,2927,1,0,0
49,0,1,0,0,0,1,0,0,6,0,16.365847,19.5702,18.7917,34.000021,1635,1,0,0
50,0,1,0,0,0,1,0,0,0,0,11.693897,13.8665,40.7826,14.956745,1812,1,0,0
51,0,1,0,0,0,1,0,1,1,0,12.436653,14.20375,60.5,20.625682,1107,0,1,0
52,0,1,0,0,0,1,0,0,2,1,7.471102,9.30165,57.7778,13.110761,1450,1,0,0
53,0,1,0,0,0,1,0,0,3,1,9.091299,12.28585,42.3043,6.305571,1917,1,0,0
54,0,1,0,0,0,1,0,0,4,1,12.121732,14.45955,69.7391,16.783232,1807,0,1,0
55,0,1,0,0,0,1,0,0,5,1,14.938268,17.52305,71.2174,23.218113,1461,0,1,0
56,0,1,0,0,0,1,0,0,6,0,11.5825,14.1096,53.7917,12.500257,1969,1,0,0
57,0,1,0,0,0,1,0,0,0,0,14.082598,17.55545,68.0,8.391616,2402,1,0,0
58,0,1,0,0,0,1,0,0,1,1,16.698193,20.0059,87.6364,19.408962,1446,0,1,0
59,0,1,0,0,0,1,1,0,2,1,10.933347,13.19395,53.5,14.500475,1851,1,0,0
60,0,1,0,0,0,1,1,0,3,1,13.735,16.00355,44.9583,20.624811,2134,1,0,0
61,0,1,0,0,0,1,1,0,4,1,8.131653,10.00665,31.8333,15.125518,1685,1,0,0
62,0,1,0,0,0,1,1,0,5,1,10.728347,12.78395,61.0417,13.624182,1944,0,1,0
63,0,1,0,0,0,1,1,0,6,0,15.750847,18.93895,78.9167,16.875357,2077,0,1,0
64,0,1,0,0,0,1,1,0,0,0,15.437402,18.3126,94.8261,23.000229,605,0,1,0
65,0,1,0,0,0,1,1,0,1,1,10.731299,11.92305,55.1304,22.870584,1872,1,0,0
66,0,1,0,0,0,1,1,0,2,1,11.9925,15.12,42.0833,8.08355,2133,1,0,0
67,0,1,0,0,0,1,1,0,3,1,12.129153,14.3304,77.5417,14.75005,1891,0,1,0
68,0,1,0,0,0,1,1,0,4,1,15.952731,19.2834,0.0,17.545759,623,0,0,1
69,0,1,0,0,0,1,1,0,5,1,12.977402,15.25,64.9565,15.60899,1977,0,1,0
70,0,1,0,0,0,1,1,0,6,0,13.495847,16.2875,59.4583,14.791925,2132,1,0,0
71,0,1,0,0,0,1,1,0,0,0,15.758268,19.00455,52.7391,18.130468,2417,1,0,0
72,0,1,0,0,0,1,1,0,1,1,13.333897,16.6,49.6957,9.174042,2046,1,0,0
73,0,1,0,0,0,1,1,0,2,1,13.013031,15.9089,65.5652,12.348703,2056,0,1,0
74,0,1,0,0,0,1,1,0,3,1,14.973897,18.3465,77.6522,13.608839,2192,0,1,0
75,0,1,0,0,0,1,1,0,4,1,17.015,20.51665,60.2917,14.041793,2744,1,0,0
76,0,1,0,0,0,1,1,0,5,1,22.14,26.35045,52.5217,15.478139,3239,1,0,0
77,0,1,0,0,0,1,1,0,6,0,19.3725,23.32625,37.9167,24.667189,3117,1,0,0
78,0,1,0,0,0,1,1,0,0,0,13.6325,16.2875,47.375,13.917307,2471,1,0,0
79,1,0,0,0,0,1,1,0,1,1,17.647835,20.48675,73.7391,19.348461,2077,0,1,0
80,1,0,0,0,0,1,1,0,2,1,18.108347,22.0321,62.4583,15.12525,2703,1,0,0
81,1,0,0,0,0,1,1,0,3,1,14.225237,16.89695,83.9565,15.695487,2121,0,1,0
82,1,0,0,0,0,1,1,0,4,1,11.685,13.54165,80.5833,16.333729,1865,0,1,0
83,1,0,0,0,0,1,1,0,5,1,10.830847,12.8156,49.5,15.458575,2210,1,0,0
84,1,0,0,0,0,1,1,0,6,0,10.899153,12.87855,39.4167,14.041257,2496,1,0,0
85,1,0,0,0,0,1,1,0,0,0,10.374763,12.51695,49.3913,12.3481,1693,0,1,0
86,1,0,0,0,0,1,1,0,1,1,10.838268,12.8787,30.2174,14.217668,2028,1,0,0
87,1,0,0,0,0,1,1,0,2,1,12.4025,14.6454,31.4167,15.208732,2425,1,0,0
88,1,0,0,0,0,1,1,0,3,1,12.3,14.8675,64.6667,11.583496,1536,0,1,0
89,1,0,0,0,0,1,1,0,4,1,11.001653,12.87875,91.8333,14.582282,1685,0,0,1
90,1,0,0,0,1,0,0,0,5,1,12.3,14.1727,68.625,17.333436,2227,0,1,0
91,1,0,0,0,1,0,0,0,6,0,12.915,15.78185,65.375,13.208782,2252,0,1,0
92,1,0,0,0,1,0,0,0,0,0,15.511653,18.93835,48.0,12.208271,3249,1,0,0
93,1,0,0,0,1,0,0,0,1,1,23.506653,27.14645,42.625,25.833257,3115,1,0,0
94,1,0,0,0,1,0,0,0,2,1,16.980847,19.9175,64.2083,26.000489,1795,0,1,0
95,1,0,0,0,1,0,0,0,3,1,16.024153,19.3804,47.0833,17.625221,2808,1,0,0
96,1,0,0,0,1,0,0,0,4,1,17.9375,21.6848,60.2917,10.874904,3141,1,0,0
97,1,0,0,0,1,0,0,0,5,1,13.769153,16.22395,83.625,15.208464,1471,0,1,0
98,1,0,0,0,1,0,0,0,6,0,14.0425,17.07645,87.75,8.916561,2455,0,1,0
99,1,0,0,0,1,0,0,0,0,0,17.493347,21.33685,85.75,9.833389,2895,0,1,0
100,1,0,0,0,1,0,0,0,1,1,24.421732,28.26085,71.6956,21.739758,3348,0,1,0
101,1,0,0,0,1,0,0,0,2,1,20.6025,24.6527,73.9167,18.416893,2034,0,1,0
102,1,0,0,0,1,0,0,0,3,1,16.9125,20.86415,81.9167,16.791339,2162,0,1,0
103,1,0,0,0,1,0,0,0,4,1,19.1675,23.1371,54.0417,7.4169,3267,1,0,0
104,1,0,0,0,1,0,0,1,5,0,18.313347,22.09565,67.125,15.167125,3126,1,0,0
105,1,0,0,0,1,0,0,0,6,0,17.664153,21.2746,88.8333,22.834136,795,0,0,1
106,1,0,0,0,1,0,0,0,0,0,18.723347,22.2848,47.9583,20.334232,3744,1,0,0
107,1,0,0,0,1,0,0,0,1,1,21.0125,25.1573,54.25,10.958989,3429,1,0,0
108,1,0,0,0,1,0,0,0,2,1,20.739153,24.4629,66.5833,10.584057,3204,0,1,0
109,1,0,0,0,1,0,0,0,3,1,24.395,28.2196,61.4167,16.208975,3944,1,0,0
110,1,0,0,0,1,0,0,0,4,1,18.825847,22.6946,40.7083,21.792286,4189,1,0,0
111,1,0,0,0,1,0,0,0,5,1,13.803347,16.0977,72.9583,14.707907,1683,0,1,0
112,1,0,0,0,1,0,0,0,6,0,18.86,22.50605,88.7917,15.458575,4036,0,1,0
113,1,0,0,0,1,0,0,0,0,0,23.848347,27.58815,81.0833,12.875725,4191,0,1,0
114,1,0,0,0,1,0,0,0,1,1,24.873347,28.725,77.6667,12.417311,4073,1,0,0
115,1,0,0,0,1,0,0,0,2,1,25.898347,29.70415,72.9167,21.8755,4400,1,0,0
116,1,0,0,0,1,0,0,0,3,1,25.42,28.7571,83.5417,20.9174,3872,0,1,0
117,1,0,0,0,1,0,0,0,4,1,25.3175,28.94645,70.0833,21.500836,4058,0,1,0
118,1,0,0,0,1,0,0,0,5,1,20.91,24.87315,45.7083,16.084221,4595,1,0,0
119,1,0,0,0,1,0,0,0,6,0,19.3725,23.20105,50.3333,15.750025,5312,1,0,0
120,1,0,0,0,1,0,1,0,0,0,18.518347,22.4102,76.2083,7.125718,3351,0,1,0
121,1,0,0,0,1,0,1,0,1,1,22.515847,26.64165,73.0,12.291418,4401,0,1,0
122,1,0,0,0,1,0,1,0,2,1,25.283347,29.10395,69.7083,22.958689,4451,0,1,0
123,1,0,0,0,1,0,1,0,3,1,16.980847,20.2325,73.7083,22.042732,2633,0,1,0
124,1,0,0,0,1,0,1,0,4,1,18.825847,22.09585,44.4167,19.791264,4433,1,0,0
125,1,0,0,0,1,0,1,0,5,1,19.645847,23.70585,59.0,15.292482,4608,1,0,0
126,1,0,0,0,1,0,1,0,6,0,21.32,25.63105,54.125,10.75015,4714,1,0,0
127,1,0,0,0,1,0,1,0,0,0,21.661653,25.94665,63.1667,5.0007125,4333,1,0,0
128,1,0,0,0,1,0,1,0,1,1,21.8325,26.2623,58.875,11.792,4362,1,0,0
129,1,0,0,0,1,0,1,0,2,1,21.8325,26.13605,48.9167,7.749957,4803,1,0,0
130,1,0,0,0,1,0,1,0,3,1,22.2425,26.42,63.2917,8.083014,4182,1,0,0
131,1,0,0,0,1,0,1,0,4,1,21.935,26.16815,74.75,12.707689,4864,1,0,0
132,1,0,0,0,1,0,1,0,5,1,21.0125,24.715,86.3333,12.041575,4105,0,1,0
133,1,0,0,0,1,0,1,0,6,0,21.354153,25.03145,92.25,9.04165,3409,0,1,0
134,1,0,0,0,1,0,1,0,0,0,23.0625,26.8,86.7083,10.249593,4553,0,1,0
135,1,0,0,0,1,0,1,0,1,1,23.6775,27.5256,78.7917,8.500357,3958,1,0,0
136,1,0,0,0,1,0,1,0,2,1,23.028347,26.92645,83.7917,18.582718,4123,0,1,0
137,1,0,0,0,1,0,1,0,3,1,22.55,26.3579,87.0,13.499964,3855,0,1,0
138,1,0,0,0,1,0,1,0,4,1,21.764153,25.5371,82.9583,7.250271,4575,0,1,0
139,1,0,0,0,1,0,1,0,5,1,22.003347,26.4521,71.9583,8.375871,4917,1,0,0
140,1,0,0,0,1,0,1,0,6,0,24.7025,28.59875,62.6667,8.08355,5805,1,0,0
141,1,0,0,0,1,0,1,0,0,0,24.770847,28.725,74.9583,9.916536,4660,1,0,0
142,1,0,0,0,1,0,1,0,1,1,25.898347,29.5148,81.0,15.667414,4274,0,1,0
143,1,0,0,0,1,0,1,0,2,1,27.06,30.24065,74.0833,13.875164,4492,0,1,0
144,1,0,0,0,1,0,1,0,3,1,27.094153,30.7771,69.625,10.333611,4978,1,0,0
145,1,0,0,0,1,0,1,0,4,1,29.041653,32.7344,67.75,13.376014,4677,1,0,0
146,1,0,0,0,1,0,1,0,5,1,27.948347,31.8504,65.375,16.125493,4679,1,0,0
147,1,0,0,0,1,0,1,0,6,0,26.889153,30.61895,72.9583,15.416164,4758,1,0,0
148,1,0,0,0,1,0,1,0,0,0,27.3675,30.7775,81.875,14.333846,4788,1,0,0
149,1,0,0,0,1,0,1,1,1,0,30.066653,33.5546,68.5,8.792075,4098,1,0,0
150,1,0,0,0,1,0,1,0,2,1,31.775,36.26915,63.6667,7.459043,3982,1,0,0
151,1,0,0,0,1,1,0,0,3,1,31.330847,36.04835,67.7083,13.875164,3974,0,1,0
152,1,0,0,0,1,1,0,0,4,1,29.315,32.1971,30.5,19.583229,4968,1,0,0
153,1,0,0,0,1,1,0,0,5,1,25.42,29.35665,35.4167,16.959107,5312,1,0,0
154,1,0,0,0,1,1,0,0,6,0,26.035,29.7348,45.625,8.250514,5342,1,0,0
155,1,0,0,0,1,1,0,0,0,0,26.581653,30.8402,65.25,9.292364,4906,0,1,0
156,1,0,0,0,1,1,0,0,1,1,27.811653,31.0929,60.0,8.167032,4548,1,0,0
157,1,0,0,0,1,1,0,0,2,1,29.0075,32.7975,59.7917,12.583136,4833,1,0,0
158,1,0,0,0,1,1,0,0,3,1,31.809153,36.36395,62.2083,9.166739,4401,1,0,0
159,1,0,0,0,1,1,0,0,4,1,33.141653,37.87895,56.8333,10.042161,3915,0,1,0
160,1,0,0,0,1,1,0,0,5,1,30.955,35.1646,60.5,9.417118,4586,1,0,0
161,1,0,0,0,1,1,0,0,6,0,29.725,33.9019,65.4583,10.37495,4966,1,0,0
162,1,0,0,0,1,1,0,0,0,0,28.3925,32.16625,74.7917,10.958989,4460,1,0,0
163,1,0,0,0,1,1,0,0,1,1,26.035,30.0827,49.4583,20.45845,5020,1,0,0
164,1,0,0,0,1,1,0,0,2,1,24.770847,29.5773,50.7083,18.041961,4891,1,0,0
165,1,0,0,0,1,1,0,0,3,1,25.693347,29.3877,47.1667,11.250104,5180,1,0,0
166,1,0,0,0,1,1,0,0,4,1,25.761653,29.7673,68.8333,13.833557,3767,0,1,0
167,1,0,0,0,1,1,0,0,5,1,26.615847,30.01915,73.5833,9.582943,4844,1,0,0
168,1,0,0,0,1,1,0,0,6,0,28.563347,32.1977,67.0417,8.000336,5119,1,0,0
169,1,0,0,0,1,1,0,0,0,0,28.665847,32.2923,66.6667,6.834,4744,0,1,0
170,1,0,0,0,1,1,0,0,1,1,26.035,29.7673,74.625,10.416825,4010,0,1,0
171,1,1,0,0,1,1,0,0,2,1,27.914153,31.8823,77.0417,11.458675,4835,0,1,0
172,1,1,0,0,1,1,0,0,3,1,30.066653,34.69145,70.75,11.541554,4507,1,0,0
173,1,1,0,0,1,1,0,0,4,1,29.861653,34.69165,70.3333,15.999868,4790,0,1,0
174,1,1,0,0,1,1,0,0,5,1,29.690847,32.82915,57.3333,14.875675,4991,1,0,0
175,1,1,0,0,1,1,0,0,6,0,28.495,32.16565,48.3333,14.041257,5202,1,0,0
176,1,1,0,0,1,1,0,0,0,0,27.88,31.88145,51.3333,6.3337311,5305,1,0,0
177,1,1,0,0,1,1,0,0,1,1,27.9825,31.8502,65.8333,7.208396,4708,0,1,0
178,1,1,0,0,1,1,0,0,2,1,30.510847,34.6279,63.4167,9.666961,4648,1,0,0
179,1,1,0,0,1,1,0,0,3,1,29.861653,32.7344,49.7917,17.542007,5225,1,0,0
180,1,1,0,0,1,1,0,0,4,1,28.563347,31.8504,43.4167,12.415904,5515,1,0,0
181,1,1,0,0,1,1,1,0,5,1,29.6225,32.6081,39.625,6.874736,5362,1,0,0
182,1,1,0,0,1,1,1,0,6,0,30.271653,33.3654,44.4583,7.709154,5119,1,0,0
183,1,1,0,0,1,1,1,0,0,0,29.383347,33.42875,68.25,15.333486,4649,0,1,0
184,1,1,0,0,1,1,1,1,1,0,29.793347,33.27085,63.7917,5.4591064,6043,0,1,0
185,1,1,0,0,1,1,1,0,2,1,30.613347,34.8169,59.0417,8.459286,4665,1,0,0
186,1,1,0,0,1,1,1,0,3,1,29.52,34.28165,74.3333,10.042161,4629,1,0,0
187,1,1,0,0,1,1,1,0,4,1,30.75,34.34355,65.125,10.6664,4592,1,0,0
188,1,1,0,0,1,1,1,0,5,1,29.075847,33.52415,75.7917,15.083643,4040,0,1,0
189,1,1,0,0,1,1,1,0,6,0,30.066653,33.2079,60.9167,11.250104,5336,1,0,0
190,1,1,0,0,1,1,1,0,0,0,30.6475,34.50125,57.8333,12.292557,4881,1,0,0
191,1,1,0,0,1,1,1,0,1,1,31.2625,36.4902,63.5833,18.916579,4086,1,0,0
192,1,1,0,0,1,1,1,0,2,1,32.560847,36.96375,55.9167,13.417018,4258,1,0,0
193,1,1,0,0,1,1,1,0,3,1,30.613347,34.4702,63.1667,9.790911,4342,1,0,0
194,1,1,0,0,1,1,1,0,4,1,27.914153,31.7552,47.625,16.124689,5084,1,0,0
195,1,1,0,0,1,1,1,0,5,1,27.196653,31.21855,59.125,12.249811,5538,1,0,0
196,1,1,0,0,1,1,1,0,6,0,28.153347,31.91315,58.5,13.958914,5923,1,0,0
197,1,1,0,0,1,1,1,0,0,0,29.485847,33.49165,60.4167,16.417211,5302,1,0,0
198,1,1,0,0,1,1,1,0,1,1,30.613347,35.19625,65.125,14.458868,4458,1,0,0
199,1,1,0,0,1,1,1,0,2,1,31.843347,37.37395,65.0417,8.7502,4541,1,0,0
200,1,1,0,0,1,1,1,0,3,1,31.501653,37.3425,70.7083,7.625739,4332,1,0,0
201,1,1,0,0,1,1,1,0,4,1,33.415,41.31855,69.125,14.875407,3784,0,1,0
202,1,1,0,0,1,1,1,0,5,1,34.781653,42.0448,58.0417,8.9177,3387,1,0,0
203,1,1,0,0,1,1,1,0,6,0,34.815847,40.21435,50.0,8.791807,3285,1,0,0
204,1,1,0,0,1,1,1,0,0,0,34.03,39.74145,55.0833,11.334457,3606,1,0,0
205,1,1,0,0,1,1,1,0,1,1,30.476653,36.0479,75.7083,6.0841561,3840,1,0,0
206,1,1,0,0,1,1,1,0,2,1,31.638347,34.84895,54.0833,13.417286,4590,1,0,0
207,1,1,0,0,1,1,1,0,3,1,31.775,34.53335,40.2917,12.292021,4656,1,0,0
208,1,1,0,0,1,1,1,0,4,1,31.945847,36.995,58.3333,11.958093,4390,1,0,0
209,1,1,0,0,1,1,1,0,5,1,34.371653,39.29835,54.25,11.667246,3846,1,0,0
210,1,1,0,0,1,1,1,0,6,0,32.970847,36.42685,46.5833,11.291979,4475,1,0,0
211,1,1,0,0,1,1,1,0,0,0,33.039153,36.4898,48.0833,11.042471,4302,1,0,0
212,1,1,0,1,0,0,0,0,1,1,31.638347,35.1646,55.0833,10.500039,4266,1,0,0
213,1,1,0,1,0,0,0,0,2,1,32.116653,35.35355,49.125,13.79195,4845,1,0,0
214,1,1,0,1,0,0,0,0,3,1,29.998347,33.99685,65.75,9.084061,3574,0,1,0
215,1,1,0,1,0,0,0,0,4,1,29.11,33.2394,75.75,13.20905,4576,0,1,0
216,1,1,0,1,0,0,0,0,5,1,29.144153,32.82835,63.0833,12.374632,4866,1,0,0
217,1,1,0,1,0,0,0,0,6,0,29.383347,33.8077,75.5,15.29275,4294,0,1,0
218,1,1,0,1,0,0,0,0,0,0,30.4425,35.7646,75.2917,13.499629,3785,1,0,0
219,1,1,0,1,0,0,0,0,1,1,31.365,35.16415,59.2083,12.875725,4326,1,0,0
220,1,1,0,1,0,0,0,0,2,1,31.775,36.20605,57.0417,10.125107,4602,1,0,0
221,1,1,0,1,0,0,0,0,3,1,31.433347,34.24915,42.4167,13.417286,4780,1,0,0
222,1,1,0,1,0,0,0,0,4,1,29.4175,32.57605,42.375,11.041332,4792,1,0,0
223,1,1,0,1,0,0,0,0,5,1,29.041653,32.7021,41.5,8.416607,4905,1,0,0
224,1,1,0,1,0,0,0,0,6,0,28.119153,32.2929,72.9583,14.167418,4150,0,1,0
225,1,1,0,1,0,0,0,0,0,0,27.743347,31.2194,81.75,14.916411,3820,0,1,0
226,1,1,0,1,0,0,0,0,1,1,27.299153,30.80835,71.2083,13.999918,4338,1,0,0
227,1,1,0,1,0,0,0,0,2,1,28.734153,32.29185,57.8333,15.834043,4725,1,0,0
228,1,1,0,1,0,0,0,0,3,1,29.656653,33.33355,57.5417,9.625689,4694,1,0,0
229,1,1,0,1,0,0,0,0,4,1,29.178347,33.1129,65.4583,15.624936,3805,1,0,0
230,1,1,0,1,0,0,0,0,5,1,28.085,31.66105,72.2917,9.333636,4153,0,1,0
231,1,1,0,1,0,0,0,0,6,0,28.5975,32.4498,67.4167,6.999289,5191,1,0,0
232,1,1,0,1,0,0,0,0,0,0,29.144153,33.77625,77.0,16.666518,3873,1,0,0
233,1,1,0,1,0,0,0,0,1,1,28.358347,31.9127,47.0,18.54225,4758,1,0,0
234,1,1,0,1,0,0,0,0,2,1,26.274153,30.30335,45.5417,9.833121,5895,1,0,0
235,1,1,0,1,0,0,0,0,3,1,27.606653,31.5346,60.5,16.958236,5130,1,0,0
236,1,1,0,1,0,0,0,0,4,1,28.050847,32.2927,77.1667,14.125811,3542,0,1,0
237,1,1,0,1,0,0,0,0,5,1,28.7,32.98665,76.125,5.6254875,4661,1,0,0
238,1,1,0,1,0,0,0,0,6,0,27.88,31.7778,85.0,25.166339,1115,0,1,0
239,1,1,0,1,0,0,0,0,0,0,28.989419,32.39795,56.1765,20.412153,4334,1,0,0
240,1,1,0,1,0,0,0,0,1,1,26.103347,30.3979,55.4583,10.708275,4634,1,0,0
241,1,1,0,1,0,0,0,0,2,1,26.205847,29.7352,54.8333,8.375536,5204,1,0,0
242,1,1,0,1,0,0,0,0,3,1,26.923347,30.55605,59.7917,5.5833311,5058,1,0,0
243,1,1,0,1,0,0,1,0,4,1,26.855,30.74605,63.9167,9.500332,5115,1,0,0
244,1,1,0,1,0,0,1,0,5,1,26.376653,30.2404,72.7083,9.375243,4727,0,1,0
245,1,1,0,1,0,0,1,0,6,0,27.435847,31.66065,71.6667,12.416775,4484,1,0,0
246,1,1,0,1,0,0,1,0,0,0,29.075847,33.27145,74.2083,13.833289,4940,1,0,0
247,1,1,0,1,0,0,1,1,1,0,27.606653,31.2823,79.0417,14.250632,3351,0,1,0
248,1,1,0,1,0,0,1,0,2,1,22.14,25.76,88.6957,23.044181,2710,0,0,1
249,1,1,0,1,0,0,1,0,3,1,24.565847,27.21145,91.7083,6.5003936,1996,0,0,1
250,1,1,0,1,0,0,1,0,4,1,25.990433,27.76805,93.9565,12.914116,1842,0,0,1
251,1,1,0,1,0,0,1,0,5,1,26.65,28.9473,89.7917,8.333393,3544,0,1,0
252,1,1,0,1,0,0,1,0,6,0,27.06,30.3981,75.375,10.291736,5345,1,0,0
253,1,1,0,1,0,0,1,0,0,0,26.786653,30.46145,71.375,7.708618,5046,1,0,0
254,1,1,0,1,0,0,1,0,1,1,26.418268,30.1065,69.2174,5.957171,4713,1,0,0
255,1,1,0,1,0,0,1,0,2,1,26.684153,30.1777,71.25,9.500868,4763,1,0,0
256,1,1,0,1,0,0,1,0,3,1,27.606653,31.345,69.7083,11.2091,4785,1,0,0
257,1,1,0,1,0,0,1,0,4,1,23.6775,27.68355,70.9167,18.166782,3659,0,1,0
258,1,1,0,1,0,0,1,0,5,1,19.235847,23.07375,59.0417,11.000261,4760,0,1,0
259,1,1,0,1,0,0,1,0,6,0,20.158347,23.9256,71.8333,12.708225,4511,0,1,0
260,1,1,0,1,0,0,1,0,0,0,20.8075,24.52685,69.5,11.958361,4274,1,0,0
261,1,1,0,1,0,0,1,0,1,1,22.515847,26.48375,69.0,10.166714,4539,0,1,0
262,1,1,0,1,0,0,1,0,2,1,23.028347,26.61085,88.125,9.041918,3641,0,1,0
263,1,1,0,1,0,0,1,0,3,1,24.395,27.52665,90.0,6.4590814,4352,0,1,0
264,1,1,0,1,0,0,1,0,4,1,25.761653,27.74815,90.2083,8.584375,4795,0,1,0
265,0,0,0,1,0,0,1,0,5,1,24.975847,26.10625,97.25,5.2505689,2395,0,1,0
266,0,0,0,1,0,0,1,0,6,0,24.873347,28.2206,86.25,5.2516811,5423,0,1,0
267,0,0,0,1,0,0,1,0,0,0,26.000847,28.63185,84.5,3.3754064,5010,0,1,0
268,0,0,0,1,0,0,1,0,1,1,26.615847,29.4521,84.8333,7.4169,4630,0,1,0
269,0,0,0,1,0,0,1,0,2,1,26.103347,28.72625,88.5417,7.917457,4120,0,1,0
270,0,0,0,1,0,0,1,0,3,1,26.035,28.7579,84.875,9.958143,3907,0,1,0
271,0,0,0,1,0,0,1,0,4,1,25.283347,28.7256,69.9167,11.583161,4839,1,0,0
272,0,0,0,1,0,0,1,0,5,1,23.130847,27.24145,64.75,13.833825,5202,1,0,0
273,0,0,0,1,0,1,0,0,6,0,16.81,20.64315,75.375,19.583832,2429,0,1,0
274,0,0,0,1,0,1,0,0,0,0,14.623347,17.26585,79.1667,14.874871,2918,0,1,0
275,0,0,0,1,0,1,0,0,1,1,15.750847,19.6023,76.0833,5.5841686,3570,0,1,0
276,0,0,0,1,0,1,0,0,2,1,19.850847,23.6429,71.0,13.792218,4456,1,0,0
277,0,0,0,1,0,1,0,0,3,1,22.071653,26.3569,64.7917,11.87575,4826,1,0,0
278,0,0,0,1,0,1,0,0,4,1,20.260847,24.02125,62.0833,9.041918,4765,1,0,0
279,0,0,0,1,0,1,0,0,5,1,20.944153,25.2202,68.4167,1.5002439,4985,1,0,0
280,0,0,0,1,0,1,0,0,6,0,21.388347,25.6621,70.125,3.0420814,5409,1,0,0
281,0,0,0,1,0,1,0,0,0,0,22.174153,26.19915,72.75,4.25115,5511,1,0,0
282,0,0,0,1,0,1,0,1,1,0,23.404153,27.14625,73.375,2.8343814,5117,1,0,0
283,0,0,0,1,0,1,0,0,2,1,23.233347,27.3048,80.875,9.583814,4563,0,1,0
284,0,0,0,1,0,1,0,0,3,1,22.276653,25.88585,90.625,16.62605,2416,0,0,1
285,0,0,0,1,0,1,0,0,4,1,24.155847,27.5902,89.6667,9.499729,2913,0,1,0
286,0,0,0,1,0,1,0,0,5,1,22.584153,26.48375,71.625,15.000161,3644,0,1,0
287,0,0,0,1,0,1,0,0,6,0,20.773347,24.93625,48.3333,17.291561,5217,1,0,0
288,0,0,0,1,0,1,0,0,0,0,20.978347,25.1577,48.6667,18.875039,5041,1,0,0
289,0,0,0,1,0,1,0,0,1,1,21.900847,25.53625,57.9583,11.750393,4570,1,0,0
290,0,0,0,1,0,1,0,0,2,1,21.8325,26.13605,70.1667,7.375829,4748,0,1,0
291,0,0,0,1,0,1,0,0,3,1,22.211299,25.6924,89.5217,16.303713,2424,0,0,1
292,0,0,0,1,0,1,0,0,4,1,19.509153,23.32625,63.625,28.292425,4195,1,0,0
293,0,0,0,1,0,1,0,0,5,1,17.5275,21.1798,57.4167,14.833532,4304,1,0,0
294,0,0,0,1,0,1,0,0,6,0,17.3225,21.2746,62.9167,6.2086689,4308,1,0,0
295,0,0,0,1,0,1,0,0,0,0,17.288347,21.11665,74.125,6.6673375,4381,1,0,0
296,0,0,0,1,0,1,0,0,1,1,18.996653,22.85335,77.2083,7.959064,4187,1,0,0
297,0,0,0,1,0,1,0,0,2,1,19.338347,23.16875,62.2917,11.166086,4687,1,0,0
298,0,0,0,1,0,1,0,0,3,1,19.850847,23.6423,72.0417,9.959014,3894,0,1,0
299,0,0,0,1,0,1,0,0,4,1,19.27,22.8523,81.2917,13.250121,2659,0,1,0
300,0,0,0,1,0,1,0,0,5,1,13.564153,15.9406,58.5833,15.375093,3747,0,1,0
301,0,0,0,1,0,1,0,0,6,0,10.420847,11.39565,88.25,23.541857,627,0,0,1
302,0,0,0,1,0,1,0,0,0,0,13.085847,16.06645,62.375,11.833339,3331,1,0,0
303,0,0,0,1,0,1,0,0,1,1,13.94,17.80315,70.3333,7.12545,3669,1,0,0
304,0,0,0,1,0,1,1,0,2,1,16.434153,19.8544,68.375,9.083257,4068,1,0,0
305,0,0,0,1,0,1,1,0,3,1,15.4775,19.50665,71.875,5.5001439,4186,1,0,0
306,0,0,0,1,0,1,1,0,4,1,16.741653,20.29605,70.2083,9.166739,3974,1,0,0
307,0,0,0,1,0,1,1,0,5,1,16.536653,20.1696,62.25,18.209193,4046,0,1,0
308,0,0,0,1,0,1,1,0,6,0,13.393347,16.1927,51.9167,12.667154,3926,1,0,0
309,0,0,0,1,0,1,1,0,0,0,14.281653,18.1179,73.4583,6.1676314,3649,1,0,0
310,0,0,0,1,0,1,1,0,1,1,16.195,20.04355,75.875,3.834075,4035,1,0,0
311,0,0,0,1,0,1,1,0,2,1,16.741653,20.6123,72.1667,4.6255125,4205,1,0,0
312,0,0,0,1,0,1,1,0,3,1,16.4,20.45395,75.8333,4.1671186,4109,1,0,0
313,0,0,0,1,0,1,1,0,4,1,15.58,18.68605,81.3333,12.667489,2933,0,1,0
314,0,0,0,1,0,1,1,1,5,0,13.290847,15.34085,44.625,21.083225,3368,1,0,0
315,0,0,0,1,0,1,1,0,6,0,14.623347,17.8971,55.2917,14.208154,4067,1,0,0
316,0,0,0,1,0,1,1,0,0,0,18.074153,21.5275,45.8333,18.875307,3717,1,0,0
317,0,0,0,1,0,1,1,0,1,1,21.73,26.2306,58.7083,20.541932,4486,1,0,0
318,0,0,0,1,0,1,1,0,2,1,21.73,25.37895,68.875,13.375411,4195,0,1,0
319,0,0,0,1,0,1,1,0,3,1,18.723347,22.5994,93.0,9.167543,1817,0,0,1
320,0,0,0,1,0,1,1,0,4,1,14.008347,16.16105,57.5833,20.459254,3053,0,1,0
321,0,0,0,1,0,1,1,0,5,1,11.240847,13.63605,41.0,11.291711,3392,1,0,0
322,0,0,0,1,0,1,1,0,6,0,13.495847,16.22415,50.2083,15.041232,3663,1,0,0
323,0,0,0,1,0,1,1,0,0,0,18.996653,22.8529,68.4583,12.45865,3520,0,1,0
324,0,0,0,1,0,1,1,0,1,1,18.3475,22.2531,91.0,9.249618,2765,0,0,1
325,0,0,0,1,0,1,1,0,2,1,17.083347,21.0848,96.25,7.959064,1607,0,0,1
326,0,0,0,1,0,1,1,0,3,1,18.074153,21.52685,75.7917,22.500275,2566,0,1,0
327,0,0,0,1,0,1,1,1,4,0,15.306653,18.62355,54.9167,11.209368,1495,1,0,0
328,0,0,0,1,0,1,1,0,5,1,15.375,19.03355,64.375,6.6260186,2792,1,0,0
329,0,0,0,1,0,1,1,0,6,0,15.409153,19.25435,68.1667,4.5841936,3068,1,0,0
330,0,0,0,1,0,1,1,0,0,0,18.825847,22.79,69.8333,13.999918,3071,1,0,0
331,0,0,0,1,0,1,1,0,1,1,20.642598,24.5061,74.3043,9.522174,3867,1,0,0
332,0,0,0,1,0,1,1,0,2,1,18.791653,22.56875,83.0833,17.292164,2914,0,1,0
333,0,0,0,1,0,1,1,0,3,1,13.325,15.56105,61.3333,18.167586,3613,1,0,0
334,0,0,0,1,1,0,0,0,4,1,12.8125,15.2777,52.4583,14.750586,3727,1,0,0
335,0,0,0,1,1,0,0,0,5,1,12.880847,16.57165,62.5833,6.750518,3940,1,0,0
336,0,0,0,1,1,0,0,0,6,0,12.265847,15.5302,61.2917,6.4174811,3614,1,0,0
337,0,0,0,1,1,0,0,0,0,0,13.564153,17.455,77.5833,5.6252061,3485,1,0,0
338,0,0,0,1,1,0,0,0,1,1,15.819153,19.69625,82.7083,4.1679561,3811,0,1,0
339,0,0,0,1,1,0,0,0,2,1,18.9625,22.82,94.9583,15.583061,2594,0,0,1
340,0,0,0,1,1,0,0,0,3,1,16.81,20.0123,97.0417,17.833725,705,0,0,1
341,0,0,0,1,1,0,0,0,4,1,10.899153,12.8469,58.0,16.083886,3322,1,0,0
342,0,0,0,1,1,0,0,0,5,1,11.924153,15.8771,69.5833,5.5420189,3620,1,0,0
343,0,0,0,1,1,0,0,0,6,0,11.275,13.3206,50.75,15.625807,3190,1,0,0
344,0,0,0,1,1,0,0,0,0,0,9.054153,12.6577,49.0,4.4582939,2743,1,0,0
345,0,0,0,1,1,0,0,0,1,1,9.771653,13.5098,67.0833,4.25115,3310,1,0,0
346,0,0,0,1,1,0,0,0,2,1,11.5825,15.0569,59.0,9.41685,3523,1,0,0
347,0,0,0,1,1,0,0,0,3,1,13.0175,16.9181,66.375,4.0842061,3740,0,1,0
348,0,0,0,1,1,0,0,0,4,1,17.3225,20.61185,63.4167,17.958814,3709,0,1,0
349,0,0,0,1,1,0,0,0,5,1,15.375,17.99125,50.0417,17.458525,3577,0,1,0
350,0,0,0,1,1,0,0,0,6,0,10.591653,12.46855,56.0833,16.292189,2739,0,1,0
351,0,0,0,1,1,0,0,0,0,0,9.771653,12.27895,58.625,11.375193,2431,1,0,0
352,0,0,0,1,1,0,0,0,1,1,11.343347,14.04665,63.75,11.584032,3403,1,0,0
353,0,0,0,1,1,0,0,0,2,1,15.819153,19.8227,59.5417,4.1252436,3750,0,1,0
354,0,1,0,1,1,0,0,0,3,1,17.561653,21.40085,85.8333,14.8338,2660,0,1,0
355,0,1,0,1,1,0,0,0,4,1,17.356653,21.30605,75.75,3.167425,3068,0,1,0
356,0,1,0,1,1,0,0,0,5,1,15.306653,18.87565,68.625,18.374482,2209,1,0,0
357,0,1,0,1,1,0,0,0,6,0,12.4025,14.9621,54.25,12.750368,1011,1,0,0
358,0,1,0,1,1,0,0,0,0,0,11.266103,13.99805,68.1304,10.391097,754,1,0,0
359,0,1,0,1,1,0,0,1,1,0,13.191299,15.77675,50.6957,16.044155,1317,1,0,0
360,0,1,0,1,1,0,0,0,2,1,13.325,16.38165,76.25,12.62615,1162,0,1,0
361,0,1,0,1,1,0,0,0,3,1,12.26433,13.9987,50.3913,19.695387,2302,1,0,0
362,0,1,0,1,1,0,0,0,4,1,10.181653,13.1946,57.4167,8.000604,2423,1,0,0
363,0,1,0,1,1,0,0,0,5,1,12.778347,15.9406,63.6667,9.000579,2999,1,0,0
364,0,1,0,1,1,0,0,0,6,0,16.81,20.70605,61.5833,14.750318,2485,1,0,0
365,0,1,1,0,0,0,1,0,0,0,15.17,18.78105,69.25,12.875189,2294,1,0,0
366,0,1,1,0,0,0,1,1,1,0,11.194763,12.6152,38.1304,22.087555,1951,1,0,0
367,0,1,1,0,0,0,1,0,2,1,6.15,6.31375,44.125,24.499957,2236,1,0,0
368,0,1,1,0,0,0,1,0,3,1,4.4075,5.96685,41.4583,12.3749,2368,0,1,0
369,0,1,1,0,0,0,1,0,4,1,10.899153,13.9206,52.4167,8.709129,3272,1,0,0
370,0,1,1,0,0,0,1,0,5,1,13.700847,17.01335,54.2083,11.249836,4098,1,0,0
371,0,1,1,0,0,0,1,0,6,0,16.126653,19.53895,53.1667,11.708786,4521,1,0,0
372,0,1,1,0,0,0,1,0,0,0,13.8375,17.0129,46.5,12.833314,3425,1,0,0
373,0,1,1,0,0,0,1,0,1,1,9.190847,12.37395,70.1667,6.6263,2376,0,1,0
374,0,1,1,0,0,0,1,0,2,1,12.656536,15.9413,64.6522,12.565984,3598,1,0,0
375,0,1,1,0,0,0,1,0,3,1,11.240847,14.14105,84.75,8.791807,2177,0,1,0
376,0,1,1,0,0,0,1,0,4,1,15.6825,19.0969,80.2917,12.124789,4097,0,1,0
377,0,1,1,0,0,0,1,0,5,1,11.240847,12.4681,50.75,25.333236,3214,1,0,0
378,0,1,1,0,0,0,1,0,6,0,7.38,9.15435,45.75,12.541261,2493,1,0,0
379,0,1,1,0,0,0,1,0,0,0,6.833347,8.08125,41.9167,16.834286,2311,1,0,0
380,0,1,1,0,0,0,1,1,1,0,7.79,9.53315,52.25,15.500986,2298,1,0,0
381,0,1,1,0,0,0,1,0,2,1,15.294763,18.2139,71.6087,23.39171,2935,0,1,0
382,0,1,1,0,0,0,1,0,3,1,12.436653,13.7627,44.3333,27.833743,3376,1,0,0
383,0,1,1,0,0,0,1,0,4,1,7.79,9.5019,49.75,14.750586,3292,1,0,0
384,0,1,1,0,0,0,1,0,5,1,8.9175,11.0479,45.0,13.58425,3163,0,1,0
385,0,1,1,0,0,0,1,0,6,0,7.106653,8.74375,83.125,14.917014,1301,0,1,0
386,0,1,1,0,0,0,1,0,0,0,6.6625,8.1125,79.625,13.375746,1977,0,1,0
387,0,1,1,0,0,0,1,0,1,1,8.951653,12.1529,91.125,7.417436,2432,0,1,0
388,0,1,1,0,0,0,1,0,2,1,14.0425,17.4554,83.5833,8.292389,4339,1,0,0
389,0,1,1,0,0,0,1,0,3,1,12.060847,14.74105,64.375,10.791757,4270,1,0,0
390,0,1,1,0,0,0,1,0,4,1,14.008347,17.8025,76.9583,4.9175186,4075,0,1,0
391,0,1,1,0,0,0,1,0,5,1,17.425,20.76915,74.125,22.958689,3456,0,1,0
392,0,1,1,0,0,0,1,0,6,0,12.949153,16.31895,54.3333,14.125543,4023,1,0,0
393,0,1,1,0,0,0,1,0,0,0,11.5825,13.63605,31.125,16.08335,3243,1,0,0
394,0,1,1,0,0,0,1,0,1,1,11.035847,13.13125,40.0833,14.458064,3624,1,0,0
395,0,1,1,0,0,0,1,0,2,1,15.99,19.06585,41.6667,17.541739,4509,1,0,0
396,0,1,1,0,0,1,0,0,3,1,19.235847,23.3269,50.7917,12.667489,4579,1,0,0
397,0,1,1,0,0,1,0,0,4,1,16.365847,19.94855,67.2917,12.541529,3761,0,1,0
398,0,1,1,0,0,1,0,0,5,1,12.846653,15.4673,52.6667,11.959232,4151,1,0,0
399,0,1,1,0,0,1,0,0,6,0,10.830847,13.63625,77.9583,8.167032,2832,0,1,0
400,0,1,1,0,0,1,0,0,0,0,10.899153,13.22605,68.7917,11.791732,2947,0,1,0
401,0,1,1,0,0,1,0,0,1,1,11.586969,14.8213,62.2174,10.3046,3784,1,0,0
402,0,1,1,0,0,1,0,0,2,1,14.520847,18.0552,49.625,9.874393,4375,1,0,0
403,0,1,1,0,0,1,0,0,3,1,10.523347,13.32105,72.2917,8.959307,2802,0,1,0
404,0,1,1,0,0,1,0,0,4,1,10.865,13.0994,56.2083,13.000479,3830,1,0,0
405,0,1,1,0,0,1,0,0,5,1,11.514153,14.6779,54.0,7.834243,3831,0,1,0
406,0,1,1,0,0,1,0,0,6,0,9.190847,10.54335,73.125,19.416332,2169,0,0,1
407,0,1,1,0,0,1,0,0,0,0,5.2275,5.0829,46.4583,27.417204,1529,1,0,0
408,0,1,1,0,0,1,0,0,1,1,9.1225,11.39565,41.125,11.207961,3422,1,0,0
409,0,1,1,0,0,1,0,0,2,1,13.085847,16.6973,50.875,9.458993,3922,0,1,0
410,0,1,1,0,0,1,0,0,3,1,14.281653,17.58145,53.125,12.1672,4169,1,0,0
411,0,1,1,0,0,1,0,0,4,1,12.983347,16.5081,75.2917,6.125475,3005,0,1,0
412,0,1,1,0,0,1,0,0,5,1,14.076653,17.58145,63.4583,13.791682,4154,1,0,0
413,0,1,1,0,0,1,0,0,6,0,14.213347,17.77125,53.4583,12.792243,4318,1,0,0
414,0,1,1,0,0,1,0,0,0,0,11.48,13.2894,51.5833,16.958504,2689,0,1,0
415,0,1,1,0,0,1,0,1,1,0,11.48,13.66955,50.7826,15.348561,3129,1,0,0
416,0,1,1,0,0,1,0,0,2,1,11.800866,14.75565,59.4348,13.783039,3777,1,0,0
417,0,1,1,0,0,1,0,0,3,1,16.229153,19.63335,56.7917,15.709557,4773,1,0,0
418,0,1,1,0,0,1,0,0,4,1,18.620847,22.2223,55.4583,12.791171,5062,1,0,0
419,0,1,1,0,0,1,0,0,5,1,16.7075,20.54855,73.75,15.916989,3487,0,1,0
420,0,1,1,0,0,1,0,0,6,0,11.924153,12.78375,39.5833,28.250014,2732,1,0,0
421,0,1,1,0,0,1,0,0,0,0,11.445847,13.4154,41.0,13.750343,3389,1,0,0
422,0,1,1,0,0,1,0,0,1,1,15.033347,17.8977,49.0833,17.958211,4322,1,0,0
423,0,1,1,0,0,1,0,0,2,1,14.725847,17.67625,39.5833,12.958939,4363,1,0,0
424,0,1,1,0,0,1,1,0,4,1,19.919153,23.76855,61.5417,15.208129,4990,1,0,0
425,0,1,1,0,0,1,1,0,5,1,14.486653,17.9921,65.7083,9.708568,3194,0,1,0
426,0,1,1,0,0,1,1,0,6,0,16.980847,20.6746,62.125,10.792293,4066,0,1,0
427,0,1,1,0,0,1,1,0,0,0,13.359153,15.15105,40.3333,22.416257,3423,1,0,0
428,0,1,1,0,0,1,1,0,1,1,9.976653,12.05855,50.625,15.333486,3333,1,0,0
429,0,1,1,0,0,1,1,0,2,1,10.591653,12.7521,45.6667,13.458625,3956,1,0,0
430,0,1,1,0,0,1,1,0,3,1,16.570847,19.255,51.3333,23.167193,4916,1,0,0
431,0,1,1,0,0,1,1,0,4,1,21.6275,26.2302,56.75,29.584721,5382,1,0,0
432,0,1,1,0,0,1,1,0,5,1,16.844153,19.85415,40.7083,27.7916,4569,0,1,0
433,0,1,1,0,0,1,1,0,6,0,11.7875,13.88835,35.0417,15.12525,4118,1,0,0
434,0,1,1,0,0,1,1,0,0,0,14.831299,17.9835,47.6957,14.913329,4911,1,0,0
435,0,1,1,0,0,1,1,0,1,1,19.133347,22.9796,48.9167,13.916771,5298,1,0,0
436,0,1,1,0,0,1,1,0,2,1,23.165,27.14645,61.75,15.87565,5847,1,0,0
437,0,1,1,0,0,1,1,0,3,1,23.4725,27.43085,50.7083,7.709154,6312,1,0,0
438,0,1,1,0,0,1,1,0,4,1,22.8575,26.64125,57.9583,10.042161,6192,1,0,0
439,0,1,1,0,0,1,1,0,5,1,17.869153,21.81145,84.2083,7.583864,4378,0,1,0
440,0,1,1,0,0,1,1,0,6,0,21.080847,25.2523,75.5833,7.417168,7836,0,1,0
441,0,1,1,0,0,1,1,0,0,0,19.3725,23.2,81.0,8.501161,5892,0,1,0
442,0,1,1,0,0,1,1,0,1,1,22.345,26.64105,72.875,10.875239,6153,1,0,0
443,0,1,1,0,0,1,1,0,2,1,22.994153,26.92665,80.7917,8.125157,6093,1,0,0
444,1,0,1,0,0,1,1,0,3,1,21.798347,25.6629,82.125,6.0004061,6230,0,1,0
445,1,0,1,0,0,1,1,0,4,1,22.720847,26.57835,83.125,7.876654,6871,1,0,0
446,1,0,1,0,0,1,1,0,5,1,24.668347,28.50335,69.4167,7.7921,8362,0,1,0
447,1,0,1,0,0,1,1,0,6,0,20.6025,24.33665,88.5417,12.916461,3372,0,1,0
448,1,0,1,0,0,1,1,0,0,0,17.9375,21.8744,88.0833,14.791925,4996,0,1,0
449,1,0,1,0,0,1,1,0,1,1,18.279153,21.9375,47.7917,25.917007,5558,1,0,0
450,1,0,1,0,0,1,1,0,2,1,13.256653,15.7827,29.0,12.541864,5102,1,0,0
451,1,0,1,0,0,1,1,0,3,1,19.850847,23.5475,48.125,19.541957,5698,1,0,0
452,1,0,1,0,0,1,1,0,4,1,20.260847,24.1152,43.9167,21.41655,6133,1,0,0
453,1,0,1,0,0,1,1,0,5,1,15.17,18.78105,58.0833,9.250489,5459,0,1,0
454,1,0,1,0,0,1,1,0,6,0,17.390847,21.0854,73.8333,16.791339,6235,0,1,0
455,1,0,1,0,1,0,0,0,0,0,17.459153,20.86435,67.625,11.541889,6041,0,1,0
456,1,0,1,0,1,0,0,0,1,1,17.790433,21.37565,50.4348,20.913313,5936,1,0,0
457,1,0,1,0,1,0,0,0,2,1,19.133347,23.07415,39.6667,6.708911,6772,1,0,0
458,1,0,1,0,1,0,0,0,3,1,22.208347,26.6725,46.9583,12.125325,6436,1,0,0
459,1,0,1,0,1,0,0,0,4,1,17.835,21.55815,37.4167,14.708443,6457,1,0,0
460,1,0,1,0,1,0,0,0,5,1,16.536653,19.53835,37.7083,20.125996,6460,1,0,0
461,1,0,1,0,1,0,0,0,6,0,17.9375,21.30645,25.4167,18.416357,6857,1,0,0
462,1,0,1,0,1,0,0,0,0,0,20.5,24.62125,27.5833,15.583932,5169,1,0,0
463,1,0,1,0,1,0,0,0,1,1,20.055847,23.8319,31.75,23.999132,5585,1,0,0
464,1,0,1,0,1,0,0,0,2,1,18.313347,21.81165,43.5,16.708125,5918,1,0,0
465,1,0,1,0,1,0,0,0,3,1,14.296536,16.8637,46.9565,19.783358,4862,1,0,0
466,1,0,1,0,1,0,0,0,4,1,16.2975,19.3802,46.625,19.458743,5409,1,0,0
467,1,0,1,0,1,0,0,0,5,1,18.1425,21.5904,40.8333,10.416557,6398,1,0,0
468,1,0,1,0,1,0,0,0,6,0,20.295,24.3998,50.2917,12.791439,7460,1,0,0
469,1,0,1,0,1,0,0,0,0,0,24.873347,28.69375,50.7917,15.083643,7132,1,0,0
470,1,0,1,0,1,0,0,1,1,0,27.230847,30.74625,56.1667,19.083543,6370,1,0,0
471,1,0,1,0,1,0,0,0,2,1,24.941653,29.92435,39.0417,18.333143,6691,1,0,0
472,1,0,1,0,1,0,0,0,3,1,18.996653,22.8519,56.9167,11.250104,4367,0,1,0
473,1,0,1,0,1,0,0,0,4,1,20.431653,24.6523,61.25,4.4172564,6565,1,0,0
474,1,0,1,0,1,0,0,0,5,1,21.593347,25.78875,69.4583,10.041357,7290,1,0,0
475,1,0,1,0,1,0,0,0,6,0,23.37,27.14605,68.2917,19.000329,6624,1,0,0
476,1,0,1,0,1,0,0,0,0,0,16.263347,19.4752,83.5417,23.084582,1027,0,0,1
477,1,0,1,0,1,0,0,0,1,1,13.188347,15.05625,76.6667,20.334232,3214,0,1,0
478,1,0,1,0,1,0,0,0,2,1,16.946653,20.26415,45.4167,16.708661,5633,1,0,0
479,1,0,1,0,1,0,0,0,3,1,19.543347,23.51585,42.7917,7.959064,6196,1,0,0
480,1,0,1,0,1,0,0,0,4,1,20.431653,24.17915,75.6667,11.833875,5026,0,1,0
481,1,0,1,0,1,0,0,0,5,1,18.7575,22.63185,40.0833,23.291411,6233,1,0,0
482,1,0,1,0,1,0,0,0,6,0,15.443347,18.8752,48.9583,8.708325,4220,0,1,0
483,1,0,1,0,1,0,0,0,0,0,18.791653,22.50605,58.7083,7.832836,6304,1,0,0
484,1,0,1,0,1,0,0,0,1,1,19.030847,22.8848,57.0,11.499746,5572,0,1,0
485,1,0,1,0,1,0,1,0,2,1,25.146653,28.85105,65.9583,10.458432,5740,0,1,0
486,1,0,1,0,1,0,1,0,3,1,23.130847,26.8948,79.7083,9.249886,6169,1,0,0
487,1,0,1,0,1,0,1,0,4,1,22.96,26.8621,76.8333,8.957632,6421,0,1,0
488,1,0,1,0,1,0,1,0,5,1,25.7275,29.54585,73.5417,10.916846,6296,1,0,0
489,1,0,1,0,1,0,1,0,6,0,25.488347,29.2304,75.6667,10.250464,6883,0,1,0
490,1,0,1,0,1,0,1,0,0,0,23.0625,27.33685,74.0,10.041893,6359,0,1,0
491,1,0,1,0,1,0,1,0,1,1,22.0375,26.3571,66.4167,15.458307,6273,0,1,0
492,1,0,1,0,1,0,1,0,2,1,23.848347,27.87355,68.5833,19.833943,5728,0,1,0
493,1,0,1,0,1,0,1,0,3,1,23.575,27.65125,74.4167,14.499604,4717,0,1,0
494,1,0,1,0,1,0,1,0,4,1,20.739153,24.58915,55.2083,21.042221,6572,1,0,0
495,1,0,1,0,1,0,1,0,5,1,21.866653,26.04165,36.0417,15.874779,7030,1,0,0
496,1,0,1,0,1,0,1,0,6,0,23.130847,27.24085,48.0417,8.249911,7429,1,0,0
497,1,0,1,0,1,0,1,0,0,0,25.1125,29.2619,57.625,15.082839,6118,1,0,0
498,1,0,1,0,1,0,1,0,1,1,23.506653,27.495,78.9583,14.250364,2843,0,1,0
499,1,0,1,0,1,0,1,0,2,1,25.078347,28.8202,79.4583,9.875264,5115,0,1,0
500,1,0,1,0,1,0,1,0,3,1,26.103347,29.79875,69.7917,8.208304,7424,1,0,0
501,1,0,1,0,1,0,1,0,4,1,24.326653,28.63065,52.0,15.374825,7384,1,0,0
502,1,0,1,0,1,0,1,0,5,1,23.130847,27.55605,52.3333,9.166739,7639,1,0,0
503,1,0,1,0,1,0,1,0,6,0,24.6,28.3454,45.625,5.626325,8294,1,0,0
504,1,0,1,0,1,0,1,0,0,0,25.454153,29.19835,53.0417,17.042589,7129,1,0,0
505,1,0,1,0,1,0,1,0,1,1,24.531653,28.28335,81.125,15.624668,4359,0,1,0
506,1,0,1,0,1,0,1,0,2,1,25.215,29.04125,76.5833,7.917189,6073,0,1,0
507,1,0,1,0,1,0,1,0,3,1,25.488347,29.2306,77.4583,6.834,5260,0,1,0
508,1,0,1,0,1,0,1,0,4,1,26.855,30.335,71.6667,11.584032,6770,1,0,0
509,1,0,1,0,1,0,1,0,5,1,27.88,31.37645,74.7083,9.41685,6734,1,0,0
510,1,0,1,0,1,0,1,0,6,0,28.3925,32.1348,73.25,13.332464,6536,1,0,0
511,1,0,1,0,1,0,1,0,0,0,28.29,32.07125,69.7083,14.416457,6591,1,0,0
512,1,0,1,0,1,0,1,1,1,0,29.2125,33.965,67.625,13.166907,6043,1,0,0
513,1,0,1,0,1,0,1,0,2,1,29.6225,33.6496,68.4583,19.7918,5743,1,0,0
514,1,0,1,0,1,0,1,0,3,1,26.923347,30.55645,67.0,9.000043,6855,0,1,0
515,1,0,1,0,1,0,1,0,4,1,27.88,31.56645,49.2917,13.083693,7338,1,0,0
516,1,0,1,0,1,1,0,0,5,1,26.820847,30.3981,75.5417,15.916721,4127,0,1,0
517,1,0,1,0,1,1,0,0,6,0,23.916653,28.3144,54.9167,12.499654,8120,1,0,0
518,1,0,1,0,1,1,0,0,0,0,24.7025,28.75665,49.3333,12.333829,7641,1,0,0
519,1,0,1,0,1,1,0,0,1,1,24.4975,28.91415,48.7083,19.083811,6998,1,0,0
520,1,0,1,0,1,1,0,0,2,1,22.174153,26.2946,61.3333,14.041525,7001,0,1,0
521,1,0,1,0,1,1,0,0,3,1,22.720847,27.1146,61.125,5.167375,7055,1,0,0
522,1,0,1,0,1,1,0,0,4,1,24.7025,28.4721,56.7083,10.54245,7494,1,0,0
523,1,0,1,0,1,1,0,0,5,1,26.615847,29.8931,46.7917,11.750661,7736,1,0,0
524,1,0,1,0,1,1,0,0,6,0,29.144153,32.41835,43.7083,9.667229,7498,1,0,0
525,1,0,1,0,1,1,0,0,0,0,29.793347,33.17585,53.8333,8.959307,6598,1,0,0
526,1,0,1,0,1,1,0,0,1,1,29.554153,32.98605,58.7917,13.916771,6664,0,1,0
527,1,0,1,0,1,1,0,0,2,1,26.786653,29.89375,83.3333,14.374582,4972,0,1,0
528,1,0,1,0,1,1,0,0,3,1,26.889153,30.55585,58.2083,22.999693,7421,1,0,0
529,1,0,1,0,1,1,0,0,4,1,26.581653,31.21915,56.9583,17.000111,7363,1,0,0
530,1,0,1,0,1,1,0,0,5,1,26.205847,29.9877,58.9583,11.833339,7665,1,0,0
531,1,0,1,0,1,1,0,0,6,0,25.898347,29.7354,50.4167,11.166689,7702,1,0,0
532,1,0,1,0,1,1,0,0,0,0,24.2925,28.59875,59.875,9.708568,6978,1,0,0
533,1,0,1,0,1,1,0,0,1,1,23.301653,27.2421,77.7917,11.707982,5099,0,1,0
534,1,0,1,0,1,1,0,0,2,1,28.221653,32.7346,69.0,9.917139,6825,1,0,0
535,1,0,1,0,1,1,0,0,3,1,32.0825,36.04875,59.2083,7.625404,6211,1,0,0
536,1,1,1,0,1,1,0,0,4,1,33.039153,37.6271,56.7917,7.958729,5905,1,0,0
537,1,1,1,0,1,1,0,0,5,1,31.8775,36.20605,57.375,12.250414,5823,1,0,0
538,1,1,1,0,1,1,0,0,6,0,29.998347,32.6396,53.4583,12.041307,7458,1,0,0
539,1,1,1,0,1,1,0,0,0,0,30.476653,33.7127,47.9167,9.750175,6891,1,0,0
540,1,1,1,0,1,1,0,0,1,1,29.349153,32.7021,50.4167,20.125661,6779,1,0,0
541,1,1,1,0,1,1,0,0,2,1,25.864153,29.7352,37.3333,23.292014,7442,1,0,0
542,1,1,1,0,1,1,0,0,3,1,28.5975,32.0396,36.0,18.208925,7335,1,0,0
543,1,1,1,0,1,1,0,0,4,1,30.715847,33.7756,42.25,11.50055,6879,1,0,0
544,1,1,1,0,1,1,0,0,5,1,34.200847,39.33065,48.875,11.082939,5463,1,0,0
545,1,1,1,0,1,1,0,0,6,0,31.365,34.3754,60.125,10.791757,5687,1,0,0
546,1,1,1,0,1,1,1,0,0,0,33.449153,37.53145,51.875,11.291443,5531,1,0,0
547,1,1,1,0,1,1,1,0,1,1,32.048347,35.1019,44.7083,13.082889,6227,1,0,0
548,1,1,1,0,1,1,1,0,2,1,32.014153,35.1325,49.2083,8.457879,6660,1,0,0
549,1,1,1,0,1,1,1,1,3,0,32.355847,36.61685,53.875,9.04165,7403,1,0,0
550,1,1,1,0,1,1,1,0,4,1,33.9275,38.06835,45.7917,12.999943,6241,1,0,0
551,1,1,1,0,1,1,1,0,5,1,33.961653,37.62665,45.0833,9.791514,6207,1,0,0
552,1,1,1,0,1,1,1,0,6,0,35.328347,40.24565,49.2083,10.958118,4840,1,0,0
553,1,1,1,0,1,1,1,0,0,0,33.7225,39.5198,57.375,8.417143,4672,1,0,0
554,1,1,1,0,1,1,1,0,1,1,29.144153,32.7027,68.3333,12.125325,6569,0,1,0
555,1,1,1,0,1,1,1,0,2,1,29.554153,33.2398,66.75,10.166379,6290,0,1,0
556,1,1,1,0,1,1,1,0,3,1,29.383347,32.51355,63.3333,10.166111,7264,1,0,0
557,1,1,1,0,1,1,1,0,4,1,29.349153,32.73415,52.9583,9.833925,7446,1,0,0
558,1,1,1,0,1,1,1,0,5,1,29.998347,33.39665,48.5833,5.41695,7499,0,1,0
559,1,1,1,0,1,1,1,0,6,0,28.836653,33.3021,69.9167,9.626493,6969,0,1,0
560,1,1,1,0,1,1,1,0,0,0,30.579153,35.2598,71.7917,11.166689,6031,1,0,0
561,1,1,1,0,1,1,1,0,1,1,31.296653,36.20625,64.5,11.000529,6830,1,0,0
562,1,1,1,0,1,1,1,0,2,1,33.551653,37.78415,50.5833,7.666743,6786,1,0,0
563,1,1,1,0,1,1,1,0,3,1,32.526653,37.27915,57.7083,9.208614,5713,1,0,0
564,1,1,1,0,1,1,1,0,4,1,31.57,35.7321,60.0417,11.083743,6591,1,0,0
565,1,1,1,0,1,1,1,0,5,1,27.299153,30.65125,84.4167,14.000789,5870,0,1,0
566,1,1,1,0,1,1,1,0,6,0,24.429153,27.4956,86.5417,14.2911,4459,0,0,1
567,1,1,1,0,1,1,1,0,0,0,27.3675,31.15625,76.25,6.2926936,7410,0,1,0
568,1,1,1,0,1,1,1,0,1,1,30.408347,34.50085,69.4167,9.291761,6966,1,0,0
569,1,1,1,0,1,1,1,0,2,1,30.784153,35.3225,65.5,14.167418,7592,1,0,0
570,1,1,1,0,1,1,1,0,3,1,29.690847,32.7027,45.0,11.0416,8173,1,0,0
571,1,1,1,0,1,1,1,0,4,1,31.843347,36.96315,59.6667,19.082471,6861,1,0,0
572,1,1,1,0,1,1,1,0,5,1,32.048347,36.71085,59.4583,10.250464,6904,1,0,0
573,1,1,1,0,1,1,1,0,6,0,30.989153,34.8802,61.3333,10.54245,6685,1,0,0
574,1,1,1,0,1,1,1,0,0,0,29.588347,33.39665,62.375,11.416532,6597,1,0,0
575,1,1,1,0,1,1,1,0,1,1,29.964153,34.24935,66.875,10.292339,7105,1,0,0
576,1,1,1,0,1,1,1,0,2,1,29.246653,33.1448,70.4167,11.083475,7216,1,0,0
577,1,1,1,1,0,0,0,0,3,1,29.4175,33.3654,67.75,9.458993,7580,1,0,0
578,1,1,1,1,0,0,0,0,4,1,30.8525,35.3544,65.9583,8.666718,7261,1,0,0
579,1,1,1,1,0,0,0,0,5,1,31.399153,36.14335,64.25,14.458064,7175,0,1,0
580,1,1,1,1,0,0,0,0,6,0,32.526653,37.56335,61.3333,17.249686,6824,1,0,0
581,1,1,1,1,0,0,0,0,0,0,31.535847,36.55395,65.25,19.458207,5464,1,0,0
582,1,1,1,1,0,0,0,0,1,1,30.8525,35.5123,65.4167,8.666718,7013,0,1,0
583,1,1,1,1,0,0,0,0,2,1,30.169153,34.88105,70.375,7.832836,7273,0,1,0
584,1,1,1,1,0,0,0,0,3,1,30.75,35.38585,67.2917,7.4169,7534,0,1,0
585,1,1,1,1,0,0,0,0,4,1,30.989153,34.9754,62.0417,10.4587,7286,1,0,0
586,1,1,1,1,0,0,0,0,5,1,29.349153,33.3971,71.5833,16.000471,5786,0,1,0
587,1,1,1,1,0,0,0,0,6,0,28.3925,31.91335,73.2917,13.834093,6299,0,1,0
588,1,1,1,1,0,0,0,0,0,0,28.734153,32.22895,53.0417,8.208304,6544,1,0,0
589,1,1,1,1,0,0,0,0,1,1,29.554153,33.1127,54.5417,9.126204,6883,1,0,0
590,1,1,1,1,0,0,0,0,2,1,29.793347,33.83895,68.6667,11.333586,6784,1,0,0
591,1,1,1,1,0,0,0,0,3,1,28.973347,32.70185,61.9583,11.374657,7347,1,0,0
592,1,1,1,1,0,0,0,0,4,1,29.485847,32.7344,51.9167,9.500332,7605,1,0,0
593,1,1,1,1,0,0,0,0,5,1,29.656653,12.12,57.0833,15.500718,7148,1,0,0
594,1,1,1,1,0,0,0,0,6,0,27.811653,30.90355,60.3333,11.917089,7865,1,0,0
595,1,1,1,1,0,0,0,0,0,0,26.069153,30.1777,71.1667,5.79215,4549,0,1,0
596,1,1,1,1,0,0,0,0,1,1,26.069153,29.79835,73.4167,8.708593,6530,0,1,0
597,1,1,1,1,0,0,0,0,2,1,26.615847,30.05125,67.375,4.8756436,7006,1,0,0
598,1,1,1,1,0,0,0,0,3,1,27.3675,31.0927,67.7083,4.7089811,7375,1,0,0
599,1,1,1,1,0,0,0,0,4,1,28.529153,31.8504,63.5833,5.6679186,7765,1,0,0
600,1,1,1,1,0,0,0,0,5,1,28.8025,32.355,61.5,4.8337686,7582,0,1,0
601,1,1,1,1,0,0,0,0,6,0,27.128347,30.9348,71.2917,16.375336,6053,0,1,0
602,1,1,1,1,0,0,0,0,0,0,26.786653,29.7998,84.5833,15.333486,5255,0,1,0
603,1,1,1,1,0,0,0,0,1,1,28.836653,32.7344,73.0417,8.625111,6917,1,0,0
604,1,1,1,1,0,0,0,0,2,1,29.861653,33.3025,62.0,12.791975,7040,1,0,0
605,1,1,1,1,0,0,0,0,3,1,28.085,31.78665,55.2083,7.541654,7697,1,0,0
606,1,1,1,1,0,0,0,0,4,1,28.973347,32.63895,59.0417,5.1668189,7713,1,0,0
607,1,1,1,1,0,0,0,0,5,1,31.330847,34.47,58.75,11.291711,7350,1,0,0
608,1,1,1,1,0,0,1,0,6,0,30.886653,35.1327,63.8333,7.583529,6140,0,1,0
609,1,1,1,1,0,0,1,0,0,0,28.563347,32.45,81.5,4.2927436,5810,0,1,0
610,1,1,1,1,0,0,1,1,1,0,29.0075,33.08145,79.0833,10.125107,6034,1,0,0
611,1,1,1,1,0,0,1,0,2,1,29.759153,34.3444,75.5,15.833507,6864,1,0,0
612,1,1,1,1,0,0,1,0,3,1,30.203347,35.44915,74.125,12.583136,7112,1,0,0
613,1,1,1,1,0,0,1,0,4,1,28.563347,32.76645,81.0417,9.542207,6203,0,1,0
614,1,1,1,1,0,0,1,0,5,1,28.836653,32.8602,73.625,11.500282,7504,1,0,0
615,1,1,1,1,0,0,1,0,6,0,27.025847,30.55605,79.9167,18.833968,5976,0,1,0
616,1,1,1,1,0,0,1,0,0,0,25.01,28.94625,54.75,15.041232,8227,1,0,0
617,1,1,1,1,0,0,1,0,1,1,23.916653,28.2827,50.375,17.333771,7525,1,0,0
618,1,1,1,1,0,0,1,0,2,1,23.6775,27.7146,52.0,6.1676314,7767,1,0,0
619,1,1,1,1,0,0,1,0,3,1,24.565847,28.50375,57.7083,8.833682,7870,1,0,0
620,1,1,1,1,0,0,1,0,4,1,25.1125,28.9779,63.7083,5.5422936,7804,1,0,0
621,1,1,1,1,0,0,1,0,5,1,25.966653,29.70415,67.25,6.958821,8009,1,0,0
622,1,1,1,1,0,0,1,0,6,0,24.941653,29.29335,50.1667,16.583907,8714,1,0,0
623,1,1,1,1,0,0,1,0,0,0,23.78,28.15625,57.0,6.0422811,7333,1,0,0
624,1,1,1,1,0,0,1,0,1,1,23.814153,27.6525,73.4583,10.166714,6869,0,1,0
625,1,1,1,1,0,0,1,0,2,1,25.556653,28.25335,87.25,23.958329,4073,0,1,0
626,1,1,1,1,0,0,1,0,3,1,22.6525,27.0202,53.6667,14.416725,7591,1,0,0
627,1,1,1,1,0,0,1,0,4,1,22.413347,26.6096,61.8333,7.917189,7720,1,0,0
628,1,1,1,1,0,0,1,0,5,1,24.565847,28.59855,66.875,10.333343,8167,1,0,0
629,1,1,1,1,0,0,1,0,6,0,26.65,30.5244,64.6667,19.000061,8395,1,0,0
630,0,0,1,1,0,0,1,0,0,0,21.695847,25.94665,46.7083,14.958286,7907,1,0,0
631,0,0,1,1,0,0,1,0,1,1,21.080847,25.12565,49.2917,9.541068,7436,1,0,0
632,0,0,1,1,0,0,1,0,2,1,22.55,27.20895,57.0,15.833507,7538,1,0,0
633,0,0,1,1,0,0,1,0,3,1,26.035,29.83065,63.0833,16.3748,7733,1,0,0
634,0,0,1,1,0,0,1,0,4,1,26.65,30.39875,69.0833,9.000914,7393,0,1,0
635,0,0,1,1,0,0,1,0,5,1,25.385847,29.29315,69.0,10.999993,7415,0,1,0
636,0,0,1,1,0,0,1,0,6,0,22.2425,26.5148,54.2917,15.249468,8555,1,0,0
637,0,0,1,1,0,0,1,0,0,0,21.593347,25.88315,58.3333,9.042186,6889,1,0,0
638,0,0,1,1,0,1,0,0,1,1,21.354153,25.6,64.9167,6.0838814,6778,0,1,0
639,0,0,1,1,0,1,0,0,2,1,24.224153,27.11665,87.1667,6.999825,4639,0,0,1
640,0,0,1,1,0,1,0,0,3,1,26.9575,29.95665,79.375,4.4585686,7572,0,1,0
641,0,0,1,1,0,1,0,0,4,1,26.9575,30.39875,72.2917,7.875582,7328,0,1,0
642,0,0,1,1,0,1,0,0,5,1,25.215,29.00935,62.75,7.12545,8156,1,0,0
643,0,0,1,1,0,1,0,0,6,0,22.720847,26.92605,66.4167,17.957675,7965,1,0,0
644,0,0,1,1,0,1,0,0,0,0,17.049153,20.99065,70.8333,9.457854,3510,0,1,0
645,0,0,1,1,0,1,0,1,1,0,15.716653,19.3804,70.9583,12.708493,5478,0,1,0
646,0,0,1,1,0,1,0,0,2,1,18.313347,21.9056,76.1667,12.7501,6392,0,1,0
647,0,0,1,1,0,1,0,0,3,1,21.080847,25.1571,63.0833,12.584007,7691,1,0,0
648,0,0,1,1,0,1,0,0,4,1,17.835,21.55835,46.3333,12.166932,7570,1,0,0
649,0,0,1,1,0,1,0,0,5,1,17.9375,21.65355,53.9167,15.751164,7282,1,0,0
650,0,0,1,1,0,1,0,0,6,0,16.126653,19.5698,49.4583,9.791514,7109,1,0,0
651,0,0,1,1,0,1,0,0,0,0,21.388347,25.4102,64.0417,18.667004,6639,1,0,0
652,0,0,1,1,0,1,0,0,1,1,23.028347,26.9575,70.75,19.834479,5875,0,1,0
653,0,0,1,1,0,1,0,0,2,1,19.201653,23.0423,55.8333,12.208807,7534,1,0,0
654,0,0,1,1,0,1,0,0,3,1,18.689153,22.5054,69.2917,6.791857,7461,1,0,0
655,0,0,1,1,0,1,0,0,4,1,21.4225,25.63125,72.8333,15.874779,7509,0,1,0
656,0,0,1,1,0,1,0,0,5,1,23.096653,26.8948,81.5,9.041918,5424,0,1,0
657,0,0,1,1,0,1,0,0,6,0,19.850847,23.6421,57.2917,7.874979,8090,1,0,0
658,0,0,1,1,0,1,0,0,0,0,19.030847,22.82145,51.0,11.125618,6824,1,0,0
659,0,0,1,1,0,1,0,0,1,1,19.9875,24.1471,56.8333,5.4593811,7058,1,0,0
660,0,0,1,1,0,1,0,0,2,1,22.310847,26.5152,64.1667,6.3345686,7466,1,0,0
661,0,0,1,1,0,1,0,0,3,1,24.0875,27.93605,63.625,4.8762064,7693,1,0,0
662,0,0,1,1,0,1,0,0,4,1,22.55,26.4844,80.0417,8.333125,7359,0,1,0
663,0,0,1,1,0,1,0,0,5,1,22.379153,26.1375,80.7083,8.875289,7444,0,1,0
664,0,0,1,1,0,1,0,0,6,0,21.73,25.75665,72.0,15.791364,7852,0,1,0
665,0,0,1,1,0,1,0,0,0,0,19.5775,23.38855,69.4583,26.666536,4459,0,1,0
666,0,0,1,1,0,1,0,0,1,1,18.04,21.97,88.0,23.9994,22,0,0,1
667,0,0,1,1,0,1,0,0,2,1,13.045462,15.49545,82.5455,14.271603,1096,0,1,0
668,0,0,1,1,0,1,0,0,3,1,14.6575,18.055,66.6667,11.166689,5566,0,1,0
669,0,0,1,1,0,1,1,0,4,1,14.999153,18.4971,58.1667,10.542182,5986,0,1,0
670,0,0,1,1,0,1,1,0,5,1,14.555,17.8021,52.2083,17.833725,5847,1,0,0
671,0,0,1,1,0,1,1,0,6,0,14.076653,16.1923,49.125,18.125443,5138,0,1,0
672,0,0,1,1,0,1,1,0,0,0,13.359153,16.4769,53.2917,12.000236,5107,1,0,0
673,0,0,1,1,0,1,1,0,1,1,13.085847,15.40375,49.4167,15.833775,5259,1,0,0
674,0,0,1,1,0,1,1,0,2,1,11.514153,14.07835,56.7083,11.625371,5686,1,0,0
675,0,0,1,1,0,1,1,0,3,1,12.129153,13.73105,54.75,20.375236,5035,0,1,0
676,0,0,1,1,0,1,1,0,4,1,14.439134,17.09455,33.3478,23.304945,5315,1,0,0
677,0,0,1,1,0,1,1,0,5,1,14.828347,17.77065,54.0833,14.375386,5992,1,0,0
678,0,0,1,1,0,1,1,0,6,0,15.955847,19.69685,64.5417,3.8756686,6536,1,0,0
679,0,0,1,1,0,1,1,0,0,0,17.254153,21.08565,65.9167,8.5425,6852,1,0,0
680,0,0,1,1,0,1,1,1,1,0,19.885,23.76915,74.1667,11.625639,6269,1,0,0
681,0,0,1,1,0,1,1,0,2,1,14.076653,16.16125,66.2917,22.917082,4094,0,1,0
682,0,0,1,1,0,1,1,0,3,1,11.855847,14.07815,55.2083,13.374875,5495,1,0,0
683,0,0,1,1,0,1,1,0,4,1,13.188347,16.2246,62.0417,10.250129,5445,0,1,0
684,0,0,1,1,0,1,1,0,5,1,14.145,17.3602,52.4583,11.458675,5698,1,0,0
685,0,0,1,1,0,1,1,0,6,0,13.325,16.31915,54.5417,12.041843,5629,1,0,0
686,0,0,1,1,0,1,1,0,0,0,14.0425,16.8873,69.2917,15.250004,4669,1,0,0
687,0,0,1,1,0,1,1,0,1,1,15.614153,18.78105,62.3333,15.749489,5499,0,1,0
688,0,0,1,1,0,1,1,0,2,1,15.340847,19.03335,68.5,5.542575,5634,0,1,0
689,0,0,1,1,0,1,1,0,3,1,14.486653,18.2446,61.375,6.917482,5146,1,0,0
690,0,0,1,1,0,1,1,1,4,0,13.94,17.51855,58.0417,3.5423436,2425,1,0,0
691,0,0,1,1,0,1,1,0,5,1,15.101653,18.93895,56.875,9.917407,3910,1,0,0
692,0,0,1,1,0,1,1,0,6,0,11.411653,12.4371,40.4583,25.250357,2277,1,0,0
693,0,0,1,1,0,1,1,0,0,0,10.079153,12.87915,46.8333,10.0835,2424,1,0,0
694,0,0,1,1,0,1,1,0,1,1,12.846653,16.9502,53.5417,3.12555,5087,1,0,0
695,0,0,1,1,0,1,1,0,2,1,11.958347,14.0779,78.6667,15.916654,3959,0,1,0
696,0,0,1,1,0,1,1,0,3,1,12.163347,14.4881,50.625,14.125007,5260,1,0,0
697,0,0,1,1,0,1,1,0,4,1,11.51567,14.9211,55.5652,7.739974,5323,1,0,0
698,0,0,1,1,0,1,1,0,5,1,12.231653,16.19335,64.9583,3.9175436,5668,1,0,0
699,0,0,1,1,1,0,0,0,6,0,12.231653,15.8452,80.6667,4.0001814,5191,0,1,0
700,0,0,1,1,1,0,0,0,0,0,14.2475,17.9604,82.3333,8.333393,4649,0,1,0
701,0,0,1,1,1,0,0,0,1,1,18.5525,22.7898,76.75,5.5422936,6234,1,0,0
702,0,0,1,1,1,0,0,0,2,1,19.509153,23.4527,73.375,11.666643,6606,1,0,0
703,0,0,1,1,1,0,0,0,3,1,17.971653,21.4006,48.5,21.709407,5729,1,0,0
704,0,0,1,1,1,0,0,0,4,1,10.489153,12.9102,50.875,11.708518,5375,1,0,0
705,0,0,1,1,1,0,0,0,5,1,13.154153,16.0979,76.4167,8.7502,5008,0,1,0
706,0,0,1,1,1,0,0,0,6,0,15.648347,19.4754,91.125,6.792393,5582,0,1,0
707,0,0,1,1,1,0,0,0,0,0,15.750847,19.5073,90.5417,10.584325,3228,0,1,0
708,0,0,1,1,1,0,0,0,1,1,17.869153,21.77875,92.5,12.750636,5170,0,1,0
709,0,0,1,1,1,0,0,0,2,1,14.486653,16.91815,59.6667,19.834479,5501,0,1,0
710,0,0,1,1,1,0,0,0,3,1,12.1975,14.8669,53.8333,10.916779,5319,0,1,0
711,0,0,1,1,1,0,0,0,4,1,12.129153,14.7094,48.5833,11.666643,5532,1,0,0
712,0,0,1,1,1,0,0,0,5,1,11.548347,14.7096,64.2917,8.792343,5611,1,0,0
713,0,0,1,1,1,0,0,0,6,0,13.290847,16.91915,65.0417,7.12545,5047,1,0,0
714,0,0,1,1,1,0,0,0,0,0,14.8625,18.4969,83.875,6.749714,3786,0,1,0
715,0,0,1,1,1,0,0,0,1,1,16.126653,20.075,90.7083,6.5833061,4585,0,1,0
716,0,0,1,1,1,0,0,0,2,1,16.844153,20.4854,66.625,14.834068,5557,1,0,0
717,0,0,1,1,1,0,0,0,3,1,13.6325,17.1081,62.5417,12.334164,5267,1,0,0
718,0,0,1,1,1,0,0,0,4,1,13.53,16.76085,66.7917,8.875021,4128,0,1,0
719,0,1,1,1,1,0,0,0,5,1,13.393347,15.08835,55.6667,25.083661,3623,0,1,0
720,0,1,1,1,1,0,0,0,6,0,10.899153,11.80565,44.125,27.292182,1749,1,0,0
721,0,1,1,1,1,0,0,0,0,0,10.079153,12.97355,51.5417,8.916561,1787,1,0,0
722,0,1,1,1,1,0,0,0,1,1,9.483464,12.945,79.1304,5.1744368,920,0,1,0
723,0,1,1,1,1,0,0,1,2,0,11.943464,14.72325,73.4783,11.304642,1013,0,1,0
724,0,1,1,1,1,0,0,0,3,1,9.976653,11.01665,82.3333,21.208582,441,0,0,1
725,0,1,1,1,1,0,0,0,4,1,10.420847,11.3321,65.2917,23.458911,2114,0,1,0
726,0,1,1,1,1,0,0,0,5,1,10.386653,12.7523,59.0,10.416557,3095,0,1,0
727,0,1,1,1,1,0,0,0,6,0,10.386653,12.12,75.2917,8.333661,1341,0,1,0
728,0,1,1,1,1,0,0,0,0,0,10.489153,11.585,48.3333,23.500518,1796,1,0,0
729,0,1,1,1,1,0,0,0,1,1,8.849153,11.17435,57.75,10.374682,2729,0,1,0
